"Комментарии к ""С каким зрением можно получить права?""";https://pddclub.ru/kommentarii-k-s-kakim-zreniem-mozhno-poluchit-prava-t5012.html;13 июл 2019, 21:34;;61 Ответов;2119 Просмотров
"Комментарии к ""Срок давности при лишении прав""";https://pddclub.ru/kommentarii-k-srok-davnosti-pri-lishenii-prav-t3835.html;28 апр 2016, 11:17;;560 Ответов;34067 Просмотров
"Комментарии к ""Сообщение ГИБДД об использовании иностранных прав""";https://pddclub.ru/kommentarii-k-soobschenie-gibdd-ob-ispolzovanii-inostrannyh-prav-t5550.html;11 окт 2021, 09:52;;5 Ответов;121 Просмотров
"Комментарии к ""Категории транспортных средств в техническом регламенте (M1, M2, M3, N)""";https://pddclub.ru/kommentarii-k-kategorii-transportnyh-sredstv-v-tehnicheskom-reglamente-m1-m2-m3-n-t3764.html;17 фев 2016, 13:24;;141 Ответов;12762 Просмотров
"Комментарии к ""Иностранные водительские права у гражданина РФ""";https://pddclub.ru/kommentarii-k-inostrannye-voditelskie-prava-u-grazhdanina-rf-t3743.html;04 фев 2016, 21:56;;824 Ответов;78100 Просмотров
"Комментарии к ""Медицинская справка для замены водительского удостоверения в 2022 году""";https://pddclub.ru/kommentarii-k-medicinskaya-spravka-dlya-zameny-voditelskogo-udostovereniya-v-2022-godu-t3615.html;15 окт 2015, 10:49;;779 Ответов;77747 Просмотров
"Комментарии к ""Перенос категории Е в новые права""";https://pddclub.ru/kommentarii-k-perenos-kategorii-e-v-novye-prava-t2736.html;20 янв 2014, 15:06;;130 Ответов;14349 Просмотров
"Комментарии к ""Категории и подкатегории водительских прав в 2022 году""";https://pddclub.ru/kommentarii-k-kategorii-i-podkategorii-voditelskih-prav-v-2022-godu-t3593.html;29 авг 2015, 23:50;;273 Ответов;37411 Просмотров
"Комментарии к ""Как восстановить права при утере в 2022 году""";https://pddclub.ru/kommentarii-k-kak-vosstanovit-prava-pri-utere-v-2022-godu-t2737.html;25 дек 2013, 12:12;;292 Ответов;37367 Просмотров
"Комментарии к ""Возврат водительского удостоверения после лишения""";https://pddclub.ru/kommentarii-k-vozvrat-voditelskogo-udostovereniya-posle-lisheniya-t2762.html;27 янв 2014, 12:26;;730 Ответов;64437 Просмотров
"Комментарии к ""Как поменять иностранные права на российские в 2021 году?""";https://pddclub.ru/kommentarii-k-kak-pomenyat-inostrannye-prava-na-rossiiskie-v-2021-godu-t5254.html;15 июл 2020, 12:06;;136 Ответов;2923 Просмотров
"Комментарии к ""Обмен иностранных водительских удостоверений в 2021 и 2022 году""";https://pddclub.ru/kommentarii-k-obmen-inostrannyh-voditelskih-udostoverenii-v-2021-i-2022-godu-t3611.html;05 окт 2015, 19:20;;202 Ответов;29650 Просмотров
Замена водительского удостоверения;https://pddclub.ru/zamena-voditelskogo-udostovereniya-t5588.html;16 дек 2021, 18:17;;1 Ответов;29 Просмотров
"Комментарии к ""Что делать, если не возвращают права после лишения?""";https://pddclub.ru/kommentarii-k-chto-delat-esli-ne-vozvraschayut-prava-posle-lisheniya-t4947.html;08 апр 2019, 17:47;;120 Ответов;4060 Просмотров
"Комментарии к ""Письмо Генпрокуратуры об использовании иностранных прав""";https://pddclub.ru/kommentarii-k-pismo-genprokuratury-ob-ispolzovanii-inostrannyh-prav-t5251.html;07 июл 2020, 13:33;;45 Ответов;1336 Просмотров
"Комментарии к ""Популярные вопросы по обмену водительских прав""";https://pddclub.ru/kommentarii-k-populyarnye-voprosy-po-obmenu-voditelskih-prav-t2896.html;04 мар 2014, 15:42;;199 Ответов;21615 Просмотров
"Комментарии к ""Лишение водительских прав и исчисление сроков лишения""";https://pddclub.ru/kommentarii-k-lishenie-voditelskih-prav-i-ischislenie-srokov-lisheniya-t2720.html;16 янв 2014, 10:37;;456 Ответов;45234 Просмотров
"Комментарии к ""Новые правила замены водительских удостоверений с 4 апреля 2017 года""";https://pddclub.ru/kommentarii-k-novye-pravila-zameny-voditelskih-udostoverenii-s-4-aprelya-2017-goda-t4212.html;04 апр 2017, 07:59;;120 Ответов;11124 Просмотров
"Комментарии к ""Менять ли иностранные права гражданину РФ в 2021 году?""";https://pddclub.ru/kommentarii-k-menyat-li-inostrannye-prava-grazhdaninu-rf-v-2021-godu-t5132.html;24 дек 2019, 00:04;;21 Ответов;666 Просмотров
"Комментарии к ""Порядок замены иностранного водительского удостоверения на российское""";https://pddclub.ru/kommentarii-k-poryadok-zameny-inostrannogo-voditelskogo-udostovereniya-na-rossiiskoe-t3416.html;10 янв 2015, 22:02;;269 Ответов;18176 Просмотров
"Комментарии к ""Заявление об утере водительского удостоверения""";https://pddclub.ru/kommentarii-k-zayavlenie-ob-utere-voditelskogo-udostovereniya-t4068.html;27 ноя 2016, 20:43;;119 Ответов;9241 Просмотров
"Комментарии к ""Продление водительских прав на время самоизоляции/карантина в 2020 году""";https://pddclub.ru/kommentarii-k-prodlenie-voditelskih-prav-na-vremya-samoizolyacii-karantina-v-2020-godu-t5215.html;21 апр 2020, 11:48;;71 Ответов;2617 Просмотров
"Комментарии к ""Лишение прав для человека, не имеющего удостоверения""";https://pddclub.ru/kommentarii-k-lishenie-prav-dlya-cheloveka-ne-imeyuschego-udostovereniya-t4551.html;22 фев 2018, 08:40;;15 Ответов;670 Просмотров
"Комментарии к ""Документы иностранного водителя на территории РФ""";https://pddclub.ru/kommentarii-k-dokumenty-inostrannogo-voditelya-na-territorii-rf-t3989.html;02 окт 2016, 10:43;;50 Ответов;2545 Просмотров
"Комментарии к ""Коды регионов на автомобильных номерах в 2021 году""";https://pddclub.ru/kommentarii-k-kody-regionov-na-avtomobilnyh-nomerah-v-2021-godu-t3674.html;04 дек 2015, 10:32;;145 Ответов;15376 Просмотров
"Комментарии к ""Является ли наращивание бортов грузовика изменением конструкции?""";https://pddclub.ru/kommentarii-k-yavlyaetsya-li-naraschivanie-bortov-gruzovika-izmeneniem-konstrukcii-t4442.html;25 окт 2017, 21:54;;7 Ответов;4377 Просмотров
"Комментарии к ""Правила проезда детей в общественном транспорте""";https://pddclub.ru/kommentarii-k-pravila-proezda-detei-v-obschestvennom-transporte-t4672.html;20 июн 2018, 16:56;;68 Ответов;3166 Просмотров
Установка тахографа на грузовик;https://pddclub.ru/ustanovka-tahografa-na-gruzovik-t5376.html;19 янв 2021, 04:55;;1 Ответов;272 Просмотров
"Комментарии к ""Сколько бензина можно перевозить в легковом автомобиле?""";https://pddclub.ru/kommentarii-k-skolko-benzina-mozhno-perevozit-v-legkovom-avtomobile-t4824.html;07 дек 2018, 18:28;;3 Ответов;464 Просмотров
"Комментарии к ""Платные автодороги в России""";https://pddclub.ru/kommentarii-k-platnye-avtodorogi-v-rossii-t5362.html;08 янв 2021, 12:47;;1 Ответов;215 Просмотров
О ПДД;https://pddclub.ru/o-pdd-t5351.html;23 дек 2020, 20:11;;3 Ответов;314 Просмотров
Запрет переходить дорогу на регулируемом перекрестке.;https://pddclub.ru/zapret-perehodit-dorogu-na-reguliruemom-perekrestke-t5296.html;25 сен 2020, 13:02;;16 Ответов;707 Просмотров
"Комментарии к ""Крепление автомобильных номеров""";https://pddclub.ru/kommentarii-k-kreplenie-avtomobilnyh-nomerov-t3041.html;18 май 2014, 10:20;;35 Ответов;4151 Просмотров
"Комментарии к ""Новые автомобильные номера с 4 августа 2020 года""";https://pddclub.ru/kommentarii-k-novye-avtomobilnye-nomera-s-4-avgusta-2020-goda-t5028.html;07 авг 2019, 04:53;;10 Ответов;966 Просмотров
"Комментарии к ""Увеличение утилизационного сбора с 1 января 2020 года""";https://pddclub.ru/kommentarii-k-uvelichenie-utilizacionnogo-sbora-s-1-yanvarya-2020-goda-t5120.html;06 дек 2019, 08:32;;8 Ответов;593 Просмотров
"Комментарии к ""Знак начинающий водитель или учебное транспортное средство на заднем стекле автомобиля?""";https://pddclub.ru/kommentarii-k-znak-nachinayuschii-voditel-ili-uchebnoe-transportnoe-sredstvo-na-zadnem-stekle-avtomobilya-t2898.html;05 мар 2014, 06:42;;11 Ответов;1842 Просмотров
"Комментарии к ""Дистанционный способ покупки товаров""";https://pddclub.ru/kommentarii-k-distancionnyi-sposob-pokupki-tovarov-t4151.html;15 фев 2017, 17:17;;27 Ответов;2151 Просмотров
"Комментарии к ""Как получить пропуск для автомобиля в Москве?""";https://pddclub.ru/kommentarii-k-kak-poluchit-propusk-dlya-avtomobilya-v-moskve-t5213.html;16 апр 2020, 06:28;;28 Ответов;842 Просмотров
"Комментарии к ""Можно ли ездить на автомобиле в период самоизоляции?""";https://pddclub.ru/kommentarii-k-mozhno-li-ezdit-na-avtomobile-v-period-samoizolyacii-t5212.html;15 апр 2020, 03:48;;3 Ответов;319 Просмотров
Запись в свидетельстве регистрации т.с. количество мест;https://pddclub.ru/zapis-v-svidetelstve-registracii-t-s-kolichestvo-mest-t5197.html;01 апр 2020, 15:25;;7 Ответов;327 Просмотров
Предрейсовый медосмотр на предприятии;https://pddclub.ru/predreisovyi-medosmotr-na-predpriyatii-t5137.html;08 янв 2020, 23:55;;2 Ответов;303 Просмотров
"Комментарии к ""Списание долгов по транспортному налогу""";https://pddclub.ru/kommentarii-k-spisanie-dolgov-po-transportnomu-nalogu-t4493.html;21 дек 2017, 22:25;;94 Ответов;7679 Просмотров
"Комментарии к ""Новые тарифы на эвакуацию автомобилей в Москве""";https://pddclub.ru/kommentarii-k-novye-tarify-na-evakuaciyu-avtomobilei-v-moskve-t4961.html;06 май 2019, 18:06;;5 Ответов;373 Просмотров
"Комментарии к ""Как узнать задолженность по транспортному налогу?""";https://pddclub.ru/kommentarii-k-kak-uznat-zadolzhennost-po-transportnomu-nalogu-t4011.html;12 окт 2016, 13:55;;51 Ответов;4846 Просмотров
"Комментарии к ""Можно ли выехать из Москвы днем на грузовике?""";https://pddclub.ru/kommentarii-k-mozhno-li-vyehat-iz-moskvy-dnem-na-gruzovike-t4981.html;31 май 2019, 15:32;;9 Ответов;1352 Просмотров
Перевозка крупногабаритных грузов;https://pddclub.ru/perevozka-krupnogabaritnyh-gruzov-t5063.html;18 сен 2019, 15:12;;5 Ответов;261 Просмотров
О жёлтых номерах.;https://pddclub.ru/o-zheltyh-nomerah-t5062.html;15 сен 2019, 15:41;;2 Ответов;306 Просмотров
ШТРАФ ЗА НЕОПЛАЧЕННУЮ ПАРКОВКУ;https://pddclub.ru/shtraf-za-neoplachennuyu-parkovku-t5066.html;19 сен 2019, 12:26;;1 Ответов;232 Просмотров
Дорожная разметка на территории предприятия;https://pddclub.ru/dorozhnaya-razmetka-na-territorii-predpriyatiya-t4916.html;13 мар 2019, 12:35;;2 Ответов;1136 Просмотров
Транспортный налог в Иркутской области;https://pddclub.ru/transportnyi-nalog-v-irkutskoi-oblasti-t4936.html;31 мар 2019, 05:57;;1 Ответов;267 Просмотров
"Комментарии к ""Долги у судебных приставов""";https://pddclub.ru/kommentarii-k-dolgi-u-sudebnyh-pristavov-t3667.html;29 ноя 2015, 21:34;;226 Ответов;21131 Просмотров
переоборудование авто;https://pddclub.ru/pereoborudovanie-avto-t4915.html;12 мар 2019, 23:48;;1 Ответов;340 Просмотров
"Комментарии к ""Обмен или возврат товаров надлежащего качества""";https://pddclub.ru/kommentarii-k-obmen-ili-vozvrat-tovarov-nadlezhaschego-kachestva-t3732.html;29 янв 2016, 18:14;;114 Ответов;11028 Просмотров
Подключеник регистратора в салоне официального дилера;https://pddclub.ru/podklyuchenik-registratora-v-salone-oficialnogo-dilera-t4866.html;22 янв 2019, 16:24;;5 Ответов;548 Просмотров
"Комментарии к ""Можно ли использовать летнюю запаску зимой?""";https://pddclub.ru/kommentarii-k-mozhno-li-ispolzovat-letnyuyu-zapasku-zimoi-t4831.html;19 дек 2018, 11:32;;4 Ответов;338 Просмотров
"Комментарии к ""Что делать, если стерлись номера на машине?""";https://pddclub.ru/kommentarii-k-chto-delat-esli-sterlis-nomera-na-mashine-t3157.html;28 июл 2014, 09:43;;2 Ответов;802 Просмотров
переоборудование ТС;https://pddclub.ru/pereoborudovanie-ts-t4574.html;20 мар 2018, 13:28;;3 Ответов;454 Просмотров
"Комментарии к ""Аннулирование пропусков на въезд в Москву для грузовых автомобилей с 16 июня 2018 года""";https://pddclub.ru/kommentarii-k-annulirovanie-propuskov-na-vezd-v-moskvu-dlya-gruzovyh-avtomobilei-s-16-iyunya-2018-goda-t4679.html;26 июн 2018, 10:14;;4 Ответов;1457 Просмотров
фаркоп на Москвич 2140 - изменение конструкции или нет?;https://pddclub.ru/farkop-na-moskvich-2140-izmenenie-konstrukcii-ili-net-t4676.html;22 июн 2018, 06:31;;3 Ответов;1247 Просмотров
"Комментарии к ""Правила платного проезда по федеральным трассам для грузовиков тяжелее 12 тонн с 15 ноября 2015 года""";https://pddclub.ru/kommentarii-k-pravila-platnogo-proezda-po-federalnym-trassam-dlya-gruzovikov-tyazhelee-12-tonn-s-15-noyabrya-2015-goda-t3624.html;21 окт 2015, 20:01;;35 Ответов;4222 Просмотров
ЭЛЕКТРОННЫЕ ПТС ВВОДИМЫЕ С 1 ИЮЛЯ 2018 ГОДА;https://pddclub.ru/elektronnye-pts-vvodimye-s-1-iyulya-2018-goda-t4668.html;13 июн 2018, 12:01;;9 Ответов;450 Просмотров
Ввод в эксплуатацию после 4-х летнего стояния в гараже;https://pddclub.ru/vvod-v-ekspluataciyu-posle-4-h-letnego-stoyaniya-v-garazhe-t4638.html;14 май 2018, 12:52;;1 Ответов;332 Просмотров
экспорт;https://pddclub.ru/eksport-t4626.html;02 май 2018, 16:08;;2 Ответов;343 Просмотров
Замена номерных знаков;https://pddclub.ru/zamena-nomernyh-znakov-t4586.html;01 апр 2018, 14:17;;1 Ответов;363 Просмотров
Возможность использоватьТС после ДТП;https://pddclub.ru/vozmozhnost-ispolzovatts-posle-dtp-t4576.html;21 мар 2018, 21:49;;1 Ответов;367 Просмотров
на автобусе перевозить готовые завтраки, обеды, ужины;https://pddclub.ru/na-avtobuse-perevozit-gotovye-zavtraki-obedy-uzhiny-t4564.html;11 мар 2018, 21:40;;1 Ответов;359 Просмотров
"Комментарии к ""Отмена документов, регламентирующих коды регионов на номерах""";https://pddclub.ru/kommentarii-k-otmena-dokumentov-reglamentiruyuschih-kody-regionov-na-nomerah-t4505.html;10 янв 2018, 10:38;;3 Ответов;700 Просмотров
"Комментарии к ""Что такое тест-драйв?""";https://pddclub.ru/kommentarii-k-chto-takoe-test-draiv-t4503.html;05 янв 2018, 15:32;;1 Ответов;453 Просмотров
"Комментарии к ""Как выбрать зимнюю резину?""";https://pddclub.ru/kommentarii-k-kak-vybrat-zimnyuyu-rezinu-t4496.html;23 дек 2017, 13:34;;1 Ответов;564 Просмотров
а может ли жкх....;https://pddclub.ru/a-mozhet-li-zhkh-t4491.html;19 дек 2017, 20:26;;2 Ответов;475 Просмотров
"Комментарии к ""Защита автомобиля от угона и кражи. Сигнализация и другие устройства безопасности.""";https://pddclub.ru/kommentarii-k-zaschita-avtomobilya-ot-ugona-i-krazhi-signalizaciya-i-drugie-ustroistva-bezopasnosti-t3591.html;26 авг 2015, 13:25;;5 Ответов;957 Просмотров
Междугородние перевозки;https://pddclub.ru/mezhdugorodnie-perevozki-t3870.html;02 июн 2016, 22:57;;4 Ответов;695 Просмотров
Изменение категории автомобиля;https://pddclub.ru/izmenenie-kategorii-avtomobilya-t4413.html;17 сен 2017, 23:50;;2 Ответов;578 Просмотров
"ПТФ на ""классике""";https://pddclub.ru/ptf-na-klassike-t4383.html;16 авг 2017, 22:19;;1 Ответов;580 Просмотров
"Комментарии к ""Как образуются пробки в городах?""";https://pddclub.ru/kommentarii-k-kak-obrazuyutsya-probki-v-gorodah-t4359.html;31 июл 2017, 12:12;;0 Ответов;530 Просмотров
"Комментарии к ""Как узнать год выпуска автомобиля?""";https://pddclub.ru/kommentarii-k-kak-uznat-god-vypuska-avtomobilya-t4328.html;13 июл 2017, 00:21;;1 Ответов;526 Просмотров
Велосипед или инвалидная коляска без двигателя;https://pddclub.ru/velosiped-ili-invalidnaya-kolyaska-bez-dvigatelya-t4285.html;07 июн 2017, 11:24;;3 Ответов;1033 Просмотров
Вопрос с светофором;https://pddclub.ru/vopros-s-svetoforom-t4036.html;28 окт 2016, 21:48;;3 Ответов;774 Просмотров
Как заставить автоервис исправить свою же ошибку;https://pddclub.ru/kak-zastavit-avtoervis-ispravit-svoyu-zhe-oshibku-t4250.html;11 май 2017, 12:31;;6 Ответов;916 Просмотров
вешать знак на легковой транспорт или нет ?;https://pddclub.ru/veshat-znak-na-legkovoi-transport-ili-net-t4219.html;15 апр 2017, 12:17;;8 Ответов;892 Просмотров
Что нужно для выезда за границу на автобусе юр.лицу.;https://pddclub.ru/chto-nuzhno-dlya-vyezda-za-granicu-na-avtobuse-yur-licu-t4260.html;22 май 2017, 16:10;;2 Ответов;530 Просмотров
Нелепо но кто не прав?;https://pddclub.ru/nelepo-no-kto-ne-prav-t4234.html;29 апр 2017, 17:48;;6 Ответов;831 Просмотров
"Комментарии к ""Отмена доверенности на управление автомобилем""";https://pddclub.ru/kommentarii-k-otmena-doverennosti-na-upravlenie-avtomobilem-t2800.html;07 фев 2014, 05:32;;20 Ответов;3004 Просмотров
Самодельный трицикл, как зарегистрировать??;https://pddclub.ru/samodelnyi-tricikl-kak-zaregistrirovat-t4177.html;06 мар 2017, 16:03;;1 Ответов;1887 Просмотров
штрафы - оплата без комиссии;https://pddclub.ru/shtrafy-oplata-bez-komissii-t4168.html;24 фев 2017, 11:07;;1 Ответов;613 Просмотров
"Комментарии к ""Что скрывает VIN код автомобиля?""";https://pddclub.ru/kommentarii-k-chto-skryvaet-vin-kod-avtomobilya-t4145.html;09 фев 2017, 14:26;;1 Ответов;536 Просмотров
"Комментарии к ""Как заехать на бордюр?""";https://pddclub.ru/kommentarii-k-kak-zaehat-na-bordyur-t4134.html;01 фев 2017, 15:43;;0 Ответов;796 Просмотров
Госпошлина;https://pddclub.ru/gosposhlina-t4128.html;28 янв 2017, 11:16;;1 Ответов;547 Просмотров
"Комментарии к ""Как сэкономить на транспортном налоге?""";https://pddclub.ru/kommentarii-k-kak-sekonomit-na-transportnom-naloge-t3798.html;19 мар 2016, 19:01;;9 Ответов;1140 Просмотров
Сочетание знаков 2.1 и 4.1.3;https://pddclub.ru/sochetanie-znakov-2-1-i-4-1-3-t4062.html;21 ноя 2016, 15:16;;5 Ответов;1808 Просмотров
Установка BILed или Американских ксеноновых фар в автомобиль Ford Explorer 2013г;https://pddclub.ru/ustanovka-biled-ili-amerikanskih-ksenonovyh-far-v-avtomobil-ford-explorer-2013g-t4019.html;18 окт 2016, 20:31;;1 Ответов;815 Просмотров
Есть ли шанс восстановить документы на мотоцикл;https://pddclub.ru/est-li-shans-vosstanovit-dokumenty-na-motocikl-t4004.html;06 окт 2016, 21:13;;1 Ответов;630 Просмотров
Как выбрать масло для ТО?;https://pddclub.ru/kak-vybrat-maslo-dlya-to-t3778.html;02 мар 2016, 12:33;;11 Ответов;1780 Просмотров
Купила машину, а потом обнаружила смотанный пробег;https://pddclub.ru/kupila-mashinu-a-potom-obnaruzhila-smotannyi-probeg-t3661.html;22 ноя 2015, 15:24;;11 Ответов;2222 Просмотров
оформление полиса осаго;https://pddclub.ru/oformlenie-polisa-osago-t3890.html;24 июн 2016, 09:19;;1 Ответов;948 Просмотров
Пересдача экзамена по городу;https://pddclub.ru/peresdacha-ekzamena-po-gorodu-t3789.html;11 мар 2016, 10:57;;2 Ответов;719 Просмотров
Получить С имея категорию В и Д;https://pddclub.ru/poluchit-s-imeya-kategoriyu-v-i-d-t3707.html;10 янв 2016, 10:20;;1 Ответов;915 Просмотров
Стерся номер ?;https://pddclub.ru/stersya-nomer-t3684.html;14 дек 2015, 11:54;;1 Ответов;771 Просмотров
Платные дороги Москвы;https://pddclub.ru/platnye-dorogi-moskvy-t3683.html;12 дек 2015, 18:04;;1 Ответов;653 Просмотров
перегнать машину  в другую страну;https://pddclub.ru/peregnat-mashinu-v-druguyu-stranu-t3670.html;01 дек 2015, 17:36;;1 Ответов;976 Просмотров
Поднятие цен на проезд по дорогам для грузовых авто;https://pddclub.ru/podnyatie-cen-na-proezd-po-dorogam-dlya-gruzovyh-avto-t3655.html;19 ноя 2015, 06:31;;1 Ответов;678 Просмотров
Аннулировать регистрацию автомобиля по запросу в МРЭО;https://pddclub.ru/annulirovat-registraciyu-avtomobilya-po-zaprosu-v-mreo-t3643.html;07 ноя 2015, 01:13;;3 Ответов;803 Просмотров
"""Игра сцеплением""";https://pddclub.ru/igra-scepleniem-t3530.html;07 июн 2015, 21:34;;4 Ответов;2703 Просмотров
Led в фары;https://pddclub.ru/led-v-fary-t3501.html;29 апр 2015, 18:35;;3 Ответов;1107 Просмотров
Вопрос по документам.;https://pddclub.ru/vopros-po-dokumentam-t3476.html;12 мар 2015, 14:53;;13 Ответов;2035 Просмотров
Запрещено ли по новым ПДД лепить на лобовое стекло какие-либо устройства?;https://pddclub.ru/zaprescheno-li-po-novym-pdd-lepit-na-lobovoe-steklo-kakie-libo-ustroistva-t3458.html;20 фев 2015, 22:01;;4 Ответов;1831 Просмотров
замена прав;https://pddclub.ru/zamena-prav-t3441.html;05 фев 2015, 10:22;;1 Ответов;819 Просмотров
переделка кузова;https://pddclub.ru/peredelka-kuzova-t3431.html;23 янв 2015, 19:53;;1 Ответов;1084 Просмотров
Международные права;https://pddclub.ru/mezhdunarodnye-prava-t3392.html;11 дек 2014, 03:28;;3 Ответов;951 Просмотров
могу поставить авто на учет на своего сына 5 лет. И он будет платить штрафы когда достигнет совершенолетия?;https://pddclub.ru/mogu-postavit-avto-na-uchet-na-svoego-syna-5-let-i-on-budet-platit-shtrafy-kogda-dostignet-sovershenoletiya-t3374.html;27 ноя 2014, 08:35;;2 Ответов;1192 Просмотров
Возврат госпошлины;https://pddclub.ru/vozvrat-gosposhliny-t3391.html;11 дек 2014, 03:14;;1 Ответов;826 Просмотров
особые отметки в ПТС;https://pddclub.ru/osobye-otmetki-v-pts-t3383.html;05 дек 2014, 22:00;;1 Ответов;1020 Просмотров
буксировка авто.;https://pddclub.ru/buksirovka-avto-t3332.html;10 ноя 2014, 17:43;;1 Ответов;3399 Просмотров
Перевозка груза с прицепом;https://pddclub.ru/perevozka-gruza-s-pricepom-t3268.html;09 окт 2014, 22:10;;1 Ответов;11872 Просмотров
Подскажите что делать.;https://pddclub.ru/podskazhite-chto-delat-t3262.html;05 окт 2014, 14:11;;1 Ответов;37200 Просмотров
Взыскание материального ущерба с причинителя вреда при ДТП;https://pddclub.ru/vzyskanie-materialnogo-uscherba-s-prichinitelya-vreda-pri-dtp-t2985.html;14 апр 2014, 15:19;;6 Ответов;9314 Просмотров
Докумены необходимые для служебного автобуса;https://pddclub.ru/dokumeny-neobhodimye-dlya-sluzhebnogo-avtobusa-t3180.html;13 авг 2014, 04:37;;2 Ответов;4235 Просмотров
реклама на авто;https://pddclub.ru/reklama-na-avto-t3215.html;06 сен 2014, 00:03;;2 Ответов;2265 Просмотров
Подробно о 12.2 ч1;https://pddclub.ru/podrobno-o-12-2-ch1-t3196.html;22 авг 2014, 15:26;;5 Ответов;4014 Просмотров
проблемы с техцентром;https://pddclub.ru/problemy-s-tehcentrom-t3183.html;14 авг 2014, 00:44;;1 Ответов;4943 Просмотров
3х-колёсных авто ведь не бывает?;https://pddclub.ru/3h-kolesnyh-avto-ved-ne-byvaet-t2347.html;02 авг 2013, 16:22;;4 Ответов;4048 Просмотров
Можно ли так развернуться?;https://pddclub.ru/mozhno-li-tak-razvernutsya-t3114.html;05 июл 2014, 18:41;;3 Ответов;9610 Просмотров
Регистрация авто в регионе с меньшими транспортным налогом на авто.;https://pddclub.ru/registraciya-avto-v-regione-s-menshimi-transportnym-nalogom-na-avto-t3102.html;30 июн 2014, 21:05;;2 Ответов;3968 Просмотров
Квадроцикл (мотовездеход);https://pddclub.ru/kvadrocikl-motovezdehod-t3081.html;16 июн 2014, 11:29;;2 Ответов;8227 Просмотров
Велосипед;https://pddclub.ru/velosiped-t3063.html;29 май 2014, 22:27;;7 Ответов;4672 Просмотров
Украинское ВУ и белорусский автомобиль на территории РФ;https://pddclub.ru/ukrainskoe-vu-i-belorusskii-avtomobil-na-territorii-rf-t3008.html;27 апр 2014, 00:25;;1 Ответов;1393 Просмотров
"Комментарии к ""Отказали тормоза, что делать?""";https://pddclub.ru/kommentarii-k-otkazali-tormoza-chto-delat-t2961.html;05 апр 2014, 05:32;;1 Ответов;773 Просмотров
С какой категорией можно управлять микроавтобусом;https://pddclub.ru/s-kakoi-kategoriei-mozhno-upravlyat-mikroavtobusom-t2914.html;14 мар 2014, 11:49;;2 Ответов;3234 Просмотров
По договору купли продажи без ОСАГО?;https://pddclub.ru/po-dogovoru-kupli-prodazhi-bez-osago-t2897.html;05 мар 2014, 00:36;;1 Ответов;2078 Просмотров
Подскажите, как правильно отозвать гендоверенность!!!;https://pddclub.ru/podskazhite-kak-pravilno-otozvat-gendoverennost-t2893.html;03 мар 2014, 20:56;;1 Ответов;1794 Просмотров
кто имеет преимущество проезда кто слева двигался или справа по одностороней дороге на двухсторонюю?;https://pddclub.ru/kto-imeet-preimuschestvo-proezda-kto-sleva-dvigalsya-ili-sprava-po-odnostoronei-doroge-na-dvuhstoronyuyu-t2783.html;03 фев 2014, 13:44;;10 Ответов;4726 Просмотров
Техосмотр для автобусов;https://pddclub.ru/tehosmotr-dlya-avtobusov-t2776.html;01 фев 2014, 14:09;;4 Ответов;12460 Просмотров
по регистрации нового авто;https://pddclub.ru/po-registracii-novogo-avto-t2698.html;12 янв 2014, 15:15;;5 Ответов;11774 Просмотров
Изменеие ПДД;https://pddclub.ru/izmeneie-pdd-t2707.html;14 янв 2014, 12:42;;0 Ответов;3594 Просмотров
vin номер;https://pddclub.ru/vin-nomer-t2689.html;10 янв 2014, 22:29;;1 Ответов;3625 Просмотров
Просроченные транзиты;https://pddclub.ru/prosrochennye-tranzity-t2618.html;14 дек 2013, 23:45;;10 Ответов;10152 Просмотров
Прошу консультацию.;https://pddclub.ru/proshu-konsultaciyu-t1177.html;28 май 2012, 16:02;;41 Ответов;38743 Просмотров
Удерживающие устройства;https://pddclub.ru/uderzhivayuschie-ustroistva-t2588.html;01 дек 2013, 09:04;;3 Ответов;1968 Просмотров
Новая система определения скорости;https://pddclub.ru/novaya-sistema-opredeleniya-skorosti-t2501.html;15 окт 2013, 15:16;;6 Ответов;1523 Просмотров
Правила перевозки мазута;https://pddclub.ru/pravila-perevozki-mazuta-t2563.html;11 ноя 2013, 19:49;;2 Ответов;3247 Просмотров
осаго при регистрации авто в другом регионе;https://pddclub.ru/osago-pri-registracii-avto-v-drugom-regione-t2547.html;05 ноя 2013, 23:05;;1 Ответов;884 Просмотров
Смена прописки;https://pddclub.ru/smena-propiski-t2538.html;01 ноя 2013, 14:40;;1 Ответов;1410 Просмотров
ЗА РУБЕЖ;https://pddclub.ru/za-rubezh-t2234.html;15 июн 2013, 19:03;;8 Ответов;1564 Просмотров
Обжалование штрафа;https://pddclub.ru/obzhalovanie-shtrafa-t2310.html;22 июл 2013, 21:15;;3 Ответов;1559 Просмотров
Вопрос о ДТП без ГИБДД;https://pddclub.ru/vopros-o-dtp-bez-gibdd-t2488.html;10 окт 2013, 12:30;;4 Ответов;1169 Просмотров
Мопед на аккумуляторах;https://pddclub.ru/moped-na-akkumulyatorah-t2382.html;15 авг 2013, 17:42;;2 Ответов;1390 Просмотров
Пользование автомобилем НЕ собственником.;https://pddclub.ru/polzovanie-avtomobilem-ne-sobstvennikom-t2330.html;27 июл 2013, 13:32;;14 Ответов;4210 Просмотров
Остановка вне стационарного поста (причины);https://pddclub.ru/ostanovka-vne-stacionarnogo-posta-prichiny-t1578.html;23 окт 2012, 10:43;;7 Ответов;2187 Просмотров
ремонт кузова(гнилое дно);https://pddclub.ru/remont-kuzova-gniloe-dno-t2326.html;26 июл 2013, 15:22;;2 Ответов;1904 Просмотров
самодельное т.с.;https://pddclub.ru/samodelnoe-t-s-t2358.html;07 авг 2013, 10:52;;0 Ответов;1245 Просмотров
Управление автомобилем;https://pddclub.ru/upravlenie-avtomobilem-t2300.html;16 июл 2013, 13:25;;4 Ответов;1044 Просмотров
"Что делать, чтобы не ""валили""?";https://pddclub.ru/chto-delat-chtoby-ne-valili-t2314.html;21 июл 2013, 12:59;;1 Ответов;2490 Просмотров
гнилое дно;https://pddclub.ru/gniloe-dno-t2306.html;20 июл 2013, 13:08;;1 Ответов;1350 Просмотров
Новая машина без номеров;https://pddclub.ru/novaya-mashina-bez-nomerov-t2222.html;11 июн 2013, 23:07;;2 Ответов;1570 Просмотров
Проблема с самодельным прицепом;https://pddclub.ru/problema-s-samodelnym-pricepom-t2166.html;26 май 2013, 15:20;;1 Ответов;1965 Просмотров
Техосмотр;https://pddclub.ru/tehosmotr-t1915.html;13 фев 2013, 19:14;;7 Ответов;1794 Просмотров
количество мест;https://pddclub.ru/kolichestvo-mest-t2093.html;17 апр 2013, 22:08;;3 Ответов;1391 Просмотров
Новая Lada Priora 2180. Первые Изображения;https://pddclub.ru/novaya-lada-priora-2180-pervye-izobrazheniya-t2088.html;16 апр 2013, 15:54;;1 Ответов;1026 Просмотров
Использование средств измерения скорости;https://pddclub.ru/ispolzovanie-sredstv-izmereniya-skorosti-t2069.html;09 апр 2013, 12:28;;1 Ответов;975 Просмотров
Налог с продажи автомобиля;https://pddclub.ru/nalog-s-prodazhi-avtomobilya-t369.html;06 сен 2011, 10:38;;3 Ответов;2041 Просмотров
Помыл номер на колонке!;https://pddclub.ru/pomyl-nomer-na-kolonke-t2056.html;05 апр 2013, 09:10;;4 Ответов;2229 Просмотров
управлять автомобилем;https://pddclub.ru/upravlyat-avtomobilem-t2055.html;04 апр 2013, 17:52;;0 Ответов;1390 Просмотров
Кто платит за штрафстоянку?;https://pddclub.ru/kto-platit-za-shtrafstoyanku-t1970.html;08 мар 2013, 11:24;;4 Ответов;3343 Просмотров
Ещё о генеральной доверенности;https://pddclub.ru/esche-o-generalnoi-doverennosti-t1943.html;25 фев 2013, 09:30;;2 Ответов;1960 Просмотров
Процедура замены водительского удостоверения?;https://pddclub.ru/procedura-zameny-voditelskogo-udostovereniya-t1944.html;25 фев 2013, 10:14;;2 Ответов;1013 Просмотров
Ксенон на авто!?;https://pddclub.ru/ksenon-na-avto-t1942.html;24 фев 2013, 20:24;;2 Ответов;1679 Просмотров
Шторки;https://pddclub.ru/shtorki-t1941.html;24 фев 2013, 20:19;;1 Ответов;2130 Просмотров
Нужны ли сопутствующие документы??;https://pddclub.ru/nuzhny-li-soputstvuyuschie-dokumenty-t1904.html;08 фев 2013, 05:38;;0 Ответов;1000 Просмотров
Крепление регистрационных знаков;https://pddclub.ru/kreplenie-registracionnyh-znakov-t1874.html;25 янв 2013, 11:23;;3 Ответов;1937 Просмотров
"Котегория льдоуборочного комбайна ""OLYMPIA""?";https://pddclub.ru/kotegoriya-ldouborochnogo-kombaina-olympia-t1870.html;24 янв 2013, 07:45;;2 Ответов;1956 Просмотров
Изменения и дополнения проведение Т. осмотра в 2013 году;https://pddclub.ru/izmeneniya-i-dopolneniya-provedenie-t-osmotra-v-2013-godu-t1825.html;06 янв 2013, 18:21;;3 Ответов;1301 Просмотров
Медсправка водителя;https://pddclub.ru/medspravka-voditelya-t1827.html;06 янв 2013, 19:30;;1 Ответов;1591 Просмотров
Периодичность техосмотра;https://pddclub.ru/periodichnost-tehosmotra-t1795.html;21 дек 2012, 12:17;;0 Ответов;1635 Просмотров
Со скольки лет я могу перевозить ребёнка в люльке мотоцикла?;https://pddclub.ru/so-skolki-let-ya-mogu-perevozit-rebenka-v-lyulke-motocikla-t1226.html;15 июн 2012, 22:44;;9 Ответов;13239 Просмотров
Техосмотр;https://pddclub.ru/tehosmotr-t1656.html;17 ноя 2012, 14:28;;1 Ответов;1374 Просмотров
Перекрасить автомобиль и поменять тех. паспорт.;https://pddclub.ru/perekrasit-avtomobil-i-pomenyat-teh-pasport-t208.html;30 июн 2011, 16:27;;1 Ответов;1451 Просмотров
Медицинская справка.;https://pddclub.ru/medicinskaya-spravka-t1421.html;23 авг 2012, 08:37;;5 Ответов;2142 Просмотров
получить права;https://pddclub.ru/poluchit-prava-t1552.html;17 окт 2012, 23:26;;3 Ответов;2212 Просмотров
Подробнее о доверенности (не нотариальной);https://pddclub.ru/podrobnee-o-doverennosti-ne-notarialnoi-t1206.html;07 июн 2012, 07:57;;33 Ответов;6523 Просмотров
Управление ТС в России;https://pddclub.ru/upravlenie-ts-v-rossii-t1528.html;09 окт 2012, 18:33;;2 Ответов;1435 Просмотров
ситуация;https://pddclub.ru/situaciya-t1493.html;25 сен 2012, 05:01;;3 Ответов;1798 Просмотров
техосмотр;https://pddclub.ru/tehosmotr-t1217.html;11 июн 2012, 07:19;;6 Ответов;2184 Просмотров
Нужна ли третиму лицу доверенность если у второго генеральн;https://pddclub.ru/nuzhna-li-tretimu-licu-doverennost-esli-u-vtorogo-generaln-t1395.html;14 авг 2012, 14:08;;1 Ответов;1067 Просмотров
Сомнения по остаточному;https://pddclub.ru/somneniya-po-ostatochnomu-t1344.html;23 июл 2012, 20:53;;1 Ответов;1883 Просмотров
Смена постоянного места жительства;https://pddclub.ru/smena-postoyannogo-mesta-zhitelstva-t1367.html;05 авг 2012, 13:22;;1 Ответов;1390 Просмотров
Ул. Линии Октябрьской железной дороги;https://pddclub.ru/ul-linii-oktyabrskoi-zheleznoi-dorogi-t1381.html;08 авг 2012, 09:14;;0 Ответов;1295 Просмотров
Фотодерматит или разрешение на тонировку;https://pddclub.ru/fotodermatit-ili-razreshenie-na-tonirovku-t1354.html;31 июл 2012, 01:36;;1 Ответов;2408 Просмотров
Регистрация ТС с временной регистрацией;https://pddclub.ru/registraciya-ts-s-vremennoi-registraciei-t1334.html;19 июл 2012, 09:40;;0 Ответов;1070 Просмотров
Является ли замершая река дорогой;https://pddclub.ru/yavlyaetsya-li-zamershaya-reka-dorogoi-t1308.html;11 июл 2012, 21:01;;3 Ответов;1926 Просмотров
равнозначный перекресток;https://pddclub.ru/ravnoznachnyi-perekrestok-t1313.html;12 июл 2012, 15:13;;1 Ответов;6118 Просмотров
Если есть категория тракториста;https://pddclub.ru/esli-est-kategoriya-traktorista-t1295.html;09 июл 2012, 02:15;;2 Ответов;1631 Просмотров
Услуги по составлению ДКП, заполнению разных бланков;https://pddclub.ru/uslugi-po-sostavleniyu-dkp-zapolneniyu-raznyh-blankov-t1290.html;06 июл 2012, 22:40;;3 Ответов;1277 Просмотров
Тонировка;https://pddclub.ru/tonirovka-t1180.html;29 май 2012, 12:53;;7 Ответов;1654 Просмотров
Советы чайнику;https://pddclub.ru/sovety-chainiku-t1242.html;21 июн 2012, 07:56;;5 Ответов;1555 Просмотров
ОСАГО и техосмотр;https://pddclub.ru/osago-i-tehosmotr-t894.html;23 мар 2012, 21:22;;11 Ответов;3684 Просмотров
Выезд за границу.;https://pddclub.ru/vyezd-za-granicu-t1191.html;03 июн 2012, 10:11;;2 Ответов;2365 Просмотров
Продажа и перерегистрация авто по наследству;https://pddclub.ru/prodazha-i-pereregistraciya-avto-po-nasledstvu-t167.html;08 июн 2011, 15:50;;5 Ответов;15202 Просмотров
Права и обязанности полиции и водителей.;https://pddclub.ru/prava-i-obyazannosti-policii-i-voditelei-t977.html;11 апр 2012, 00:28;;5 Ответов;1872 Просмотров
На авто нет аварийной сигнализации;https://pddclub.ru/na-avto-net-avariinoi-signalizacii-t1204.html;06 июн 2012, 15:20;;1 Ответов;854 Просмотров
Нет прописки,отказывают в прохождении медкомиссии на права,;https://pddclub.ru/net-propiski-otkazyvayut-v-prohozhdenii-medkomissii-na-prava-t1199.html;05 июн 2012, 13:58;;1 Ответов;1123 Просмотров
Снятие номеров.;https://pddclub.ru/snyatie-nomerov-t872.html;18 мар 2012, 12:21;;24 Ответов;5521 Просмотров
Прекращение регистрации - вас из дас?;https://pddclub.ru/prekraschenie-registracii-vas-iz-das-t1181.html;29 май 2012, 17:14;;3 Ответов;3888 Просмотров
дневные ходовые огни;https://pddclub.ru/dnevnye-hodovye-ogni-t920.html;28 мар 2012, 17:27;;12 Ответов;7744 Просмотров
Обгон;https://pddclub.ru/obgon-t1157.html;21 май 2012, 18:53;;7 Ответов;2329 Просмотров
Отсутствие прав;https://pddclub.ru/otsutstvie-prav-t1095.html;30 апр 2012, 17:16;;3 Ответов;1853 Просмотров
постановка на учет ТС по временной регистрации;https://pddclub.ru/postanovka-na-uchet-ts-po-vremennoi-registracii-t1141.html;15 май 2012, 16:23;;5 Ответов;194 Просмотров
дорожные ситуации;https://pddclub.ru/dorozhnye-situacii-t1084.html;27 апр 2012, 19:01;;1 Ответов;1838 Просмотров
Законно ли заменить руль?;https://pddclub.ru/zakonno-li-zamenit-rul-t1066.html;22 апр 2012, 14:10;;1 Ответов;1813 Просмотров
Проити ТО;https://pddclub.ru/proiti-to-t1046.html;18 апр 2012, 12:51;;1 Ответов;1206 Просмотров
талон ТО.;https://pddclub.ru/talon-to-t967.html;08 апр 2012, 19:24;;3 Ответов;1833 Просмотров
Медосвидетельствование;https://pddclub.ru/medosvidetelstvovanie-t979.html;11 апр 2012, 04:05;;1 Ответов;1579 Просмотров
Техосмотр;https://pddclub.ru/tehosmotr-t975.html;10 апр 2012, 20:33;;2 Ответов;2101 Просмотров
управление транспортом без необходимой категории;https://pddclub.ru/upravlenie-transportom-bez-neobhodimoi-kategorii-t972.html;09 апр 2012, 22:32;;1 Ответов;996 Просмотров
снятие автомашины с регистрационного учета;https://pddclub.ru/snyatie-avtomashiny-s-registracionnogo-ucheta-t896.html;24 мар 2012, 08:41;;11 Ответов;2309 Просмотров
Продажа по ген. доверенности;https://pddclub.ru/prodazha-po-gen-doverennosti-t918.html;28 мар 2012, 06:52;;1 Ответов;1332 Просмотров
Продажа по доверенности или обычная?;https://pddclub.ru/prodazha-po-doverennosti-ili-obychnaya-t913.html;27 мар 2012, 10:46;;2 Ответов;1001 Просмотров
"Понятие ""зеркальная тонировка""";https://pddclub.ru/ponyatie-zerkalnaya-tonirovka-t880.html;20 мар 2012, 22:56;;2 Ответов;2747 Просмотров
Техосмотр;https://pddclub.ru/tehosmotr-t875.html;19 мар 2012, 17:22;;6 Ответов;1582 Просмотров
Купила б/у а/м с отсутствующим  т.о., как зарегистрировать;https://pddclub.ru/kupila-b-u-a-m-s-otsutstvuyuschim-t-o-kak-zaregistrirovat-t861.html;13 мар 2012, 20:30;;14 Ответов;3621 Просмотров
Нужно ли снова проходить техосмотр при покупке б\у авто.;https://pddclub.ru/nuzhno-li-snova-prohodit-tehosmotr-pri-pokupke-b-u-avto-t873.html;18 мар 2012, 17:53;;4 Ответов;22034 Просмотров
Авто с иностранными номерами;https://pddclub.ru/avto-s-inostrannymi-nomerami-t833.html;05 мар 2012, 09:16;;1 Ответов;1673 Просмотров
Доверенность от юр лица;https://pddclub.ru/doverennost-ot-yur-lica-t864.html;16 мар 2012, 10:37;;6 Ответов;2601 Просмотров
помогите кто знает;https://pddclub.ru/pomogite-kto-znaet-t523.html;16 ноя 2011, 19:16;;16 Ответов;5386 Просмотров
Остановка такси для посадки высадки пасажыров.;https://pddclub.ru/ostanovka-taksi-dlya-posadki-vysadki-pasazhyrov-t847.html;11 мар 2012, 10:48;;2 Ответов;963 Просмотров
Масса авто 3500т В или С?;https://pddclub.ru/massa-avto-3500t-v-ili-s-t836.html;05 мар 2012, 22:55;;13 Ответов;20917 Просмотров
Прохождение ТО в 2012 году;https://pddclub.ru/prohozhdenie-to-v-2012-godu-t347.html;26 авг 2011, 12:49;;63 Ответов;32501 Просмотров
санкции;https://pddclub.ru/sankcii-t807.html;25 фев 2012, 06:48;;6 Ответов;1762 Просмотров
Зеркальная тонировка.;https://pddclub.ru/zerkalnaya-tonirovka-t788.html;19 фев 2012, 16:17;;4 Ответов;2205 Просмотров
нужен ли техосмотр?(прошу ответить);https://pddclub.ru/nuzhen-li-tehosmotr-proshu-otvetit-t808.html;25 фев 2012, 18:47;;1 Ответов;1177 Просмотров
доверенность;https://pddclub.ru/doverennost-t753.html;11 фев 2012, 12:57;;8 Ответов;2040 Просмотров
Вод.удостоверение;https://pddclub.ru/vod-udostoverenie-t780.html;18 фев 2012, 00:50;;1 Ответов;1636 Просмотров
Дтп в опьянении;https://pddclub.ru/dtp-v-opyanenii-t777.html;17 фев 2012, 15:25;;1 Ответов;1603 Просмотров
какую доверенность надо иметь?;https://pddclub.ru/kakuyu-doverennost-nado-imet-t772.html;16 фев 2012, 13:55;;2 Ответов;1549 Просмотров
Больная тема про ТО;https://pddclub.ru/bolnaya-tema-pro-to-t747.html;08 фев 2012, 16:24;;1 Ответов;1099 Просмотров
остановил сотрудник гибдд;https://pddclub.ru/ostanovil-sotrudnik-gibdd-t743.html;06 фев 2012, 16:20;;2 Ответов;1176 Просмотров
ТО;https://pddclub.ru/to-t751.html;10 фев 2012, 21:16;;1 Ответов;757 Просмотров
по поводу штрафов;https://pddclub.ru/po-povodu-shtrafov-t554.html;01 дек 2011, 14:17;;7 Ответов;2110 Просмотров
ТО и Страховка.;https://pddclub.ru/to-i-strahovka-t746.html;07 фев 2012, 13:25;;1 Ответов;1154 Просмотров
нарушение ПДД в болезненном состоянии;https://pddclub.ru/narushenie-pdd-v-boleznennom-sostoyanii-t721.html;27 янв 2012, 21:20;;3 Ответов;1080 Просмотров
нечитаемый номер после мытья авто;https://pddclub.ru/nechitaemyi-nomer-posle-mytya-avto-t722.html;28 янв 2012, 00:12;;4 Ответов;1222 Просмотров
Продажа автомобиля;https://pddclub.ru/prodazha-avtomobilya-t126.html;14 май 2011, 14:22;;15 Ответов;8629 Просмотров
ТО в 2012 году с особенность конструкции АТС;https://pddclub.ru/to-v-2012-godu-s-osobennost-konstrukcii-ats-t637.html;03 янв 2012, 22:39;;3 Ответов;949 Просмотров
ТО-2012 для нового автомобиля, приобретенного в 2011 г.;https://pddclub.ru/to-2012-dlya-novogo-avtomobilya-priobretennogo-v-2011-g-t606.html;22 дек 2011, 10:19;;9 Ответов;1419 Просмотров
Максим, к Вам вопрос по ТО;https://pddclub.ru/maksim-k-vam-vopros-po-to-t567.html;09 дек 2011, 10:26;;6 Ответов;1344 Просмотров
Частное Т.О.;https://pddclub.ru/chastnoe-t-o-t671.html;11 янв 2012, 21:58;;1 Ответов;1104 Просмотров
Регистрация - ТО - ОСАГО;https://pddclub.ru/registraciya-to-osago-t660.html;10 янв 2012, 15:56;;5 Ответов;1472 Просмотров
биксенон;https://pddclub.ru/biksenon-t635.html;03 янв 2012, 18:05;;5 Ответов;1537 Просмотров
ТО в другом регионе;https://pddclub.ru/to-v-drugom-regione-t616.html;26 дек 2011, 12:21;;1 Ответов;1283 Просмотров
Покупка авто на номерах;https://pddclub.ru/pokupka-avto-na-nomerah-t612.html;25 дек 2011, 01:17;;3 Ответов;1338 Просмотров
Покупка авто в другом регионе после 1.1.12;https://pddclub.ru/pokupka-avto-v-drugom-regione-posle-1-1-12-t611.html;24 дек 2011, 22:24;;1 Ответов;1013 Просмотров
Нужен ли ТО №2 ?;https://pddclub.ru/nuzhen-li-to-2-t593.html;17 дек 2011, 17:53;;2 Ответов;1262 Просмотров
и снова о ТО..;https://pddclub.ru/i-snova-o-to-t598.html;20 дек 2011, 09:12;;1 Ответов;977 Просмотров
ИЗМЕНЕНИЕ КОНСТРУКЦИИ;https://pddclub.ru/izmenenie-konstrukcii-t591.html;17 дек 2011, 10:29;;4 Ответов;1895 Просмотров
переда транс средством  гражданином РФ на гражданина Украины;https://pddclub.ru/pereda-trans-sredstvom-grazhdaninom-rf-na-grazhdanina-ukrainy-t563.html;07 дек 2011, 17:18;;1 Ответов;871 Просмотров
Тех осмотротр 2012 нужно будет проходить 2 раза в год!!!;https://pddclub.ru/teh-osmotrotr-2012-nuzhno-budet-prohodit-2-raza-v-god-t531.html;21 ноя 2011, 08:22;;6 Ответов;1182 Просмотров
ТО и КАСКО;https://pddclub.ru/to-i-kasko-t539.html;24 ноя 2011, 16:11;;3 Ответов;1113 Просмотров
Нужен ли Т О *? ??? ??;https://pddclub.ru/nuzhen-li-t-o-t504.html;07 ноя 2011, 13:51;;1 Ответов;1190 Просмотров
ОСАГО по доверенности;https://pddclub.ru/osago-po-doverennosti-t480.html;24 окт 2011, 11:55;;3 Ответов;3306 Просмотров
Техосмотр при перестраховании.;https://pddclub.ru/tehosmotr-pri-perestrahovanii-t468.html;15 окт 2011, 10:06;;6 Ответов;1450 Просмотров
Неудачная парковка;https://pddclub.ru/neudachnaya-parkovka-t432.html;30 сен 2011, 15:02;;9 Ответов;2009 Просмотров
Санкции при нарушении;https://pddclub.ru/sankcii-pri-narushenii-t456.html;11 окт 2011, 20:33;;2 Ответов;1509 Просмотров
Какой сейчас штраф за ТЕХ ОСМОТР???;https://pddclub.ru/kakoi-seichas-shtraf-za-teh-osmotr-t433.html;30 сен 2011, 20:21;;1 Ответов;1921 Просмотров
Обвес, тюнинг.;https://pddclub.ru/obves-tyuning-t430.html;29 сен 2011, 20:05;;2 Ответов;1296 Просмотров
Нужен ли ТО?;https://pddclub.ru/nuzhen-li-to-t417.html;25 сен 2011, 17:03;;1 Ответов;988 Просмотров
ген.доверенность;https://pddclub.ru/gen-doverennost-t356.html;29 авг 2011, 11:51;;1 Ответов;1277 Просмотров
Продажа (другой регион);https://pddclub.ru/prodazha-drugoi-region-t344.html;21 авг 2011, 10:13;;1 Ответов;1601 Просмотров
СРОЧНО!!! прохождение то нового владельца;https://pddclub.ru/srochno-prohozhdenie-to-novogo-vladelca-t322.html;13 авг 2011, 16:19;;2 Ответов;1154 Просмотров
действительно временное водительское удостоверение;https://pddclub.ru/deistvitelno-vremennoe-voditelskoe-udostoverenie-t319.html;12 авг 2011, 20:16;;1 Ответов;1585 Просмотров
Имею ли право???;https://pddclub.ru/imeyu-li-pravo-t318.html;12 авг 2011, 17:26;;1 Ответов;1261 Просмотров
Доверенность выданная гражданином РФ гражданину Украины;https://pddclub.ru/doverennost-vydannaya-grazhdaninom-rf-grazhdaninu-ukrainy-t297.html;03 авг 2011, 22:25;;1 Ответов;1329 Просмотров
Поверка доументов;https://pddclub.ru/poverka-doumentov-t276.html;27 июл 2011, 11:58;;7 Ответов;1995 Просмотров
Cколько бензина можно перевозить в автомобиле?;https://pddclub.ru/ckolko-benzina-mozhno-perevozit-v-avtomobile-t248.html;16 июл 2011, 23:51;;8 Ответов;8036 Просмотров
претензии к сервису;https://pddclub.ru/pretenzii-k-servisu-t164.html;07 июн 2011, 20:47;;3 Ответов;1471 Просмотров
НОРМЫ ТОНИРОВАНИЯ ПЕРЕДНИХ СТЕКОЛ С МАРТА 2011 ГОДА;https://pddclub.ru/normy-tonirovaniya-perednih-stekol-s-marta-2011-goda-t236.html;12 июл 2011, 14:17;;1 Ответов;1585 Просмотров
вопрос по документам для въезда в Украину;https://pddclub.ru/vopros-po-dokumentam-dlya-vezda-v-ukrainu-t216.html;04 июл 2011, 15:56;;1 Ответов;1031 Просмотров
Пересечение границы на авто по доверенности;https://pddclub.ru/peresechenie-granicy-na-avto-po-doverennosti-t162.html;07 июн 2011, 12:35;;1 Ответов;5765 Просмотров
Нарушения прав пешеходов;https://pddclub.ru/narusheniya-prav-peshehodov-t159.html;05 июн 2011, 21:46;;1 Ответов;1457 Просмотров
техосмотр при регестрации авто;https://pddclub.ru/tehosmotr-pri-regestracii-avto-t156.html;05 июн 2011, 10:48;;1 Ответов;1185 Просмотров
Регистрация авто не по месту прописки;https://pddclub.ru/registraciya-avto-ne-po-mestu-propiski-t150.html;01 июн 2011, 14:35;;1 Ответов;3412 Просмотров
Зеркала заднего вида и ГТО;https://pddclub.ru/zerkala-zadnego-vida-i-gto-t142.html;26 май 2011, 14:48;;2 Ответов;2547 Просмотров
Доверенность или путевой лист;https://pddclub.ru/doverennost-ili-putevoi-list-t105.html;03 май 2011, 11:17;;1 Ответов;2035 Просмотров
ГТО АТС;https://pddclub.ru/gto-ats-t100.html;29 апр 2011, 07:24;;2 Ответов;2573 Просмотров
доверенность;https://pddclub.ru/doverennost-t87.html;16 апр 2011, 12:38;;6 Ответов;2673 Просмотров
ГОСТ ТО;https://pddclub.ru/gost-to-t83.html;13 апр 2011, 15:00;;2 Ответов;2667 Просмотров
Использование наружных световых приборов;https://pddclub.ru/ispolzovanie-naruzhnyh-svetovyh-priborov-t82.html;13 апр 2011, 10:57;;1 Ответов;1336 Просмотров
доверенность на автомобиль;https://pddclub.ru/doverennost-na-avtomobil-t74.html;08 апр 2011, 09:56;;1 Ответов;1912 Просмотров
Окраска Гос. номера;https://pddclub.ru/okraska-gos-nomera-t48.html;23 мар 2011, 11:14;;4 Ответов;5868 Просмотров
Превышение скорости для обгона или опережения Т;https://pddclub.ru/prevyshenie-skorosti-dlya-obgona-ili-operezheniya-t-t55.html;28 мар 2011, 12:13;;1 Ответов;2859 Просмотров
